﻿Order,Task,Start,End,Task Type
1,Foundations,13/03/2021,20/03/2021,Construct
2,Walls,20/03/2021,27/03/2021,Construct
3,Slabs,27/03/2021,3/04/2021,Construct
4,Lower deck,3/04/2021,10/04/2021,Construct
5,Mid columns,10/04/2021,17/04/2021,Construct
6,Lower columns,17/04/2021,24/04/2021,Construct
7,Roof deck,24/04/2021,1/05/2021,Construct
8,Upper deck,1/05/2021,8/05/2021,Construct
9,Upper columns,8/05/2021,15/05/2021,Construct
10,Roof framing,15/05/2021,22/05/2021,Construct
11,Walkway,22/05/2021,29/05/2021,Construct
